{
  "$id": "https://example.com/blog-post.schema.json",
  "$schema": "https://json-schema.org/draft/2020-12/schema",
  "description": "A representation of a blog post",
  "type": "object",
  "properties" : {
    "foodSuggestion" : {
      "type" : "object",
      "properties" : {
        "foodName" : {
          "type" : "string"
        },
        "productCode" : {
          "type" : "string"
        },
        "loyaltyPoints" : {
          "type" : "number"
        }
      }
    },
    "drinkSuggestion" : {
      "type" : "array",
      "items" : {
        "type" : "object",
        "properties" : {
          "drinkName" : {
            "type" : "string"
          },
          "productCode" : {
            "type" : "string"
          },
          "loyaltyPoints" : {
            "type" : "number"
          }
        }
      }
    }
  }
}